{"learning_rate":2.99940012382649e-07,"_step":14,"global_step":149,"epoch":0,"_wandb":{"runtime":314},"train_step_timing in s":0.1874523162841797,"training_batch_wer":1.9803920984268188,"_runtime":314,"train_backward_timing in s":0.04940199851989746,"trainer/global_step":149,"_timestamp":1.7752888435869899e+09,"train_loss":4399.88427734375}