{"_runtime":64,"epoch":0,"global_step":19,"_step":1,"train_loss":3203.479248046875,"trainer/global_step":19,"train_backward_timing in s":0.0403437614440918,"_timestamp":1.7752891125443466e+09,"train_step_timing in s":0.17217111587524414,"_wandb":{"runtime":64},"learning_rate":3.999200259841018e-08,"training_batch_wer":1.4833333492279053}